DATE,y,INDPRO,PAYEMS,UNRATE,CMRMTSPL,ICSA,CPIAUCSL,CPILFESL,PPIACO,PCEPILFE,FEDFUNDS,GS1,GS10,TB3MS,BAA,AAA,M1SL,M2SL,TOTRESNS,HOUST,PERMIT,UMCSENT,TCU,DCOILWTICO,AWHMAN
1986-04-01,0.44928555450756136,-0.6058029264981002,0.3403831667476709,0.13333333333333286,1.4396489233515553,2.1212298518872075,-0.4879546125835077,0.8284071043419772,-1.8852881854797943,0.6833089796000724,-0.9066666666666681,-0.8500000000000005,-0.953333333333334,-0.756666666666665,-0.7433333333333323,-0.5700000000000003,3.8348857457700447,2.608724202474466,3.7348739302587752,-1.094450465549368,0.9410531667385591,1.23333333333332,-0.7359000000000009,-21.646308423637528,-0.06666666666666998
1986-07-01,0.9521209453502877,0.3924089420757504,0.49319568420784776,-0.20000000000000107,1.5761801779225593,2.2351758711820935,0.60957214049564,0.938423308989389,-0.46854168714789424,0.6844468588893093,-0.7133333333333329,-0.6166666666666671,-0.2966666666666651,-0.6166666666666671,-0.09333333333333371,-0.173333333333332,4.150971867174125,2.464350097540091,5.417440815070407,-6.5651434599113045,-4.75787769831344,-1.9333333333333371,0.07309999999999661,-0.37707775893638384,0.03333333333333144
1986-10-01,0.5349594167116223,1.1161674031614055,0.6477412622784229,-0.13333333333333286,0.671749310220271,-5.789005745763909,0.6964449043167953,0.9586130053103048,0.3683245416296721,0.8109992077804051,0.0600000000000005,-0.19333333333333247,-0.04333333333333478,-0.17000000000000082,-0.086666666666666,-0.15333333333333243,4.2588259330336165,2.1897048666888352,9.091585604935437,-2.6698983369937146,0.5761490875148212,-2.799999999999983,0.5924666666666667,10.911057354280507,0.03333333333333144
1987-01-01,0.7391067993541611,1.334997504546287,0.6039451916116434,-0.23333333333333428,0.475517856232166,-7.060736641114929,1.1997744396645693,0.8062237738482914,1.1629969927350992,0.631321236610427,-0.046666666666666856,0.12666666666666604,-0.07000000000000028,0.18333333333333357,-0.43333333333333357,-0.3100000000000005,3.2273560550295066,1.5695416872540058,1.9768085578416361,2.8214135174947863,-2.6978831812171755,-1.5666666666666913,0.6801333333333304,16.939668769045113,0.30000000000000426
1987-04-01,1.0724067520746061,1.7554371079000042,0.7784368000603337,-0.33333333333333215,0.9981548282656405,-3.8197897090240573,1.126605452863938,1.1972776999618517,1.5732871218899547,0.9661971728568197,0.4299999999999997,0.8433333333333337,1.1500000000000012,0.1200000000000001,0.6966666666666672,0.7999999999999989,1.7255826125162521,0.8466080771263762,1.599120312629232,-8.859545390753265,-9.485779345867762,1.3333333333333428,0.9416333333333426,6.140088720551651,-0.10000000000000142
1987-07-01,0.86343963330755,1.8638183097536398,0.7141942802919132,-0.2666666666666666,1.2112765836876704,-3.4392100577560925,1.0557282805876866,0.9307640174337273,1.1317824932661757,0.891782853582912,0.19333333333333425,0.35999999999999943,0.5333333333333332,0.3866666666666676,0.5499999999999989,0.5899999999999999,0.11637276400602303,0.6174376253397007,0.28288562004776807,0.8032171697264445,-1.7896592890274121,2.0999999999999943,1.0318999999999932,5.04410443325396,0.0
1987-10-01,1.702383733255708,2.3453456905110137,0.9253732114682833,-0.16666666666666696,0.5639568293755559,-3.486726879564017,0.9291588334099821,1.14446468984859,0.48115569972218,1.011204663149412,0.07333333333333325,0.11333333333333329,0.24666666666666615,-0.1800000000000006,0.4733333333333345,0.456666666666667,1.072288977707192,1.110145235380422,4.095757854866378,-6.438810510020332,-6.6463590983139476,-7.5,1.5335666666666583,-8.982701595040421,0.13333333333333286
1988-01-01,0.5155512880753221,0.9303481605027919,0.7339900963261314,-0.13333333333333286,1.5260234078990464,4.232012214127678,0.7773178623881272,0.9667248329974676,0.5743474627065481,0.960304888490171,-0.25333333333333297,-0.4599999999999991,-0.706666666666667,-0.13999999999999968,-0.6266666666666687,-0.6566666666666663,0.7099890914065377,1.7389093355148155,-0.9809342961625056,-6.671400618680856,-0.9933856524290796,5.933333333333337,0.5162333333333464,-11.168784866801218,0.0
1988-04-01,1.3054737675524564,0.8710060901467642,0.8172469610384425,-0.23333333333333428,1.4257160587533235,-3.0644421252794984,1.1405883560400731,1.2022002714955349,1.6409330014067969,1.204698982838348,0.4933333333333323,0.5199999999999996,0.49333333333333407,0.48666666666666636,0.22666666666666657,0.25333333333333385,1.8460187242475001,1.9168078064001115,1.0893353907883707,4.4817742689999385,3.5263431914044574,1.2333333333333343,0.5960333333333381,3.3465061462149226,0.0
1988-07-01,0.5842595204775591,0.36980742026395674,0.7012999733960967,0.0,0.5173510833154538,0.8851791261943021,1.211794453763293,1.1073712079693543,1.3986241974739855,1.145179640718652,0.8266666666666671,0.7033333333333323,0.1899999999999995,0.8000000000000007,0.09333333333333371,0.15333333333333243,1.2986360582383227,0.9188321823777379,1.1311728478925254,-0.44823024394995414,-0.5291626289922746,2.4666666666666828,0.21476666666666233,-12.792546066517252,-0.03333333333333144
1988-10-01,1.3236569374035057,0.70012838266722,0.8018528807173908,-0.13333333333333286,1.7466927035457047,-7.410797215372256,1.0865129869103818,1.2014561823536773,0.46189458562944097,1.11104698634108,0.48666666666666725,0.5233333333333334,-0.14333333333333265,0.7166666666666659,-0.5599999999999987,-0.45333333333333314,0.27640185139050644,0.8724155660338795,0.6938912282271836,4.437363146680173,4.289596691938424,-3.0333333333333456,0.4305666666666639,-2.846770460541137,0.03333333333333144
1989-01-01,1.0112643926211362,0.4636860798207465,0.7532745898924276,-0.13333333333333286,0.17422048919755184,4.483839776761123,1.1296441933748014,1.0559760215002711,2.217924729842924,1.0854605987361765,0.9733333333333327,0.7633333333333354,0.24999999999999822,0.8133333333333326,0.129999999999999,0.17666666666666764,-0.10196712444008327,0.5570050064923393,-2.0962874590916947,-4.078618367314579,-10.76959601462999,2.8666666666666742,0.1070666666666682,22.652328805109924,0.10000000000000142
1989-04-01,0.7602027800347244,-0.37871512889866565,0.4712520719246882,0.033333333333333215,-0.2592405623344618,5.44098880390429,1.6035130913054196,1.0709257372489844,1.668691878501516,0.9056281098522412,0.2833333333333332,-0.3633333333333333,-0.4333333333333318,-0.129999999999999,-0.2766666666666655,-0.20000000000000107,-1.0597936891521442,0.6866703631748905,-2.4190294449518923,-9.403525428186654,0.39302433298313844,-4.933333333333337,-0.7439666666666653,9.692419767300997,-0.13333333333333286
1989-07-01,0.7380056517089173,-0.6186433876654185,0.25513326575001827,0.0,0.05610441084655804,4.650916464609622,0.7788410525916944,0.9566976653639259,-0.3552401604368427,0.7414184020604786,-0.6433333333333326,-0.8300000000000018,-0.6666666666666661,-0.5666666666666664,-0.4800000000000004,-0.5199999999999996,0.45007470047053744,1.9031716298215429,0.16680571006970624,-0.7156107034441916,-3.6958013895698194,1.5333333333333172,-1.0496000000000123,-5.522735362023612,-0.13333333333333286
1989-10-01,0.19678730209609085,0.38791687996964086,0.46294244266587015,0.13333333333333375,0.09608969696355274,4.185404746650256,1.0114539249883592,1.2022142494424237,0.3847866224629293,0.9113133490600056,-0.47000000000000064,-0.2699999999999987,-0.20000000000000107,-0.1900000000000004,-0.07333333333333236,-0.07666666666666622,1.2410903947074559,1.9399938144104567,2.197890671877545,-0.645964979095659,4.962566197490403,-0.6999999999999886,-0.26266666666666083,5.218788174573374,-0.20000000000000284
1990-01-01,1.0869532462091769,0.7393630719835897,0.6748851906793973,-0.06666666666666732,0.9119109468448627,0.588301075760711,1.7067501080513026,1.2632810749834356,1.4663019310074965,1.144963533302068,-0.3633333333333333,0.2999999999999998,0.5166666666666675,0.10666666666666735,0.28333333333333144,0.3033333333333328,1.1590924325222574,1.4385545923691012,0.05433306300464125,6.39619591450824,4.543009727086744,-0.5,0.027133333333338783,6.8901654036272575,-0.09999999999999432
1990-04-01,0.3623128836839129,0.6842948171443375,0.3284554611592938,0.033333333333333215,0.3427458028337327,1.658984509445105,0.9844639094062302,1.297099752240527,-0.14566644964641995,1.1109398285681138,-0.006666666666667709,0.1466666666666665,0.25333333333333385,-0.013333333333333641,0.2133333333333347,0.20333333333333314,1.0012339307007068,0.8333381559145536,-0.10869566287565746,-16.209266323992022,-26.66993471203849,-0.3333333333333286,0.02949999999999875,-20.338896663350514,0.0
1990-07-01,0.06655952356169337,0.3868507600213178,-0.12395641238640565,0.36666666666666714,-0.044869710787409645,6.112726068100116,1.7125019142593345,1.476041558312069,1.8486950534016167,1.0054825965152503,-0.08333333333333215,-0.4466666666666663,0.026666666666665506,-0.27000000000000046,0.10666666666666558,0.006666666666667709,1.1058467095094393,1.088080238919531,-0.49059787688543466,-6.856089755575034,-5.845618026416766,-11.799999999999997,-0.13190000000000168,38.89669596896117,-0.033333333333338544
1990-10-01,-0.9145740648071055,-1.5600180237102634,-0.3584533410467827,0.4333333333333327,-2.473584844357113,14.703280184397371,1.6836683684356757,1.1412045668359738,2.8774904897509224,0.8361435502416192,-0.41666666666666785,-0.5233333333333334,-0.30666666666666664,-0.48666666666666725,0.17999999999999972,-0.10999999999999943,0.8427187699240335,0.7440541018885583,-0.4930166107858902,-8.220444576603647,-13.55919744374905,-14.0,-1.6241666666666674,20.20699915647888,-0.23333333333332718
1991-01-01,-0.4690389148507279,-1.932576743398684,-0.4298859444212155,0.4666666666666677,-1.5587831112750195,7.115376025628883,0.7447899373853595,1.4381839449415956,-2.022540853544097,0.8837076546419631,-1.3166666666666655,-0.8666666666666671,-0.3800000000000008,-0.9666666666666659,-0.39333333333333265,-0.360000000000003,1.2809326837902368,1.2218664481110864,-20.734371296944687,-15.308560357362921,-6.710874469311623,9.833333333333329,-1.8024000000000058,-37.84287263162756,-0.20000000000000284
1991-04-01,0.7766651894062448,0.5263528830548481,-0.4385123425938886,0.2333333333333325,2.1565842036451954,-6.475401515844581,0.5918636266454058,0.9002666821057659,-0.9981545869296227,0.767893205796355,-0.5633333333333335,-0.19333333333333336,0.11333333333333506,-0.4633333333333338,-0.2833333333333332,-0.023333333333333428,1.98536369939184,1.1353387018800731,1.208879731900403,12.224400959700876,11.85670419685918,5.766666666666666,0.21696666666667852,-5.669909878365242,0.13333333333333286
1991-07-01,0.5040860353405563,1.3908221862698689,-0.0024620763307225957,0.0333333333333341,1.1302938348650926,-4.785095019657781,0.759342289162035,1.0790627807518938,-0.14341032143807553,0.8963555884479391,-0.21999999999999975,-0.35666666666666647,-0.1900000000000004,-0.18333333333333357,-0.23666666666666636,-0.1233333333333313,1.9236219858637327,0.3852035041839841,1.7207572169426477,3.0521849769259646,0.6942061895282237,1.9000000000000057,0.8947333333333347,4.160072467941589,0.3333333333333357
1991-10-01,0.34793883481079035,0.2033693284086091,0.020310317095351138,0.2333333333333334,-0.39637872104218985,3.8322943944923082,0.8262501440683856,0.9289430479482164,0.08607087032581617,0.7836960301358609,-0.8266666666666671,-1.0200000000000005,-0.5933333333333337,-0.836666666666666,-0.2833333333333332,-0.33999999999999986,2.452268036100058,0.31541699842563276,4.991439138171305,4.195981833147844,4.893839649917453,-10.76666666666668,-0.13160000000000593,0.5802950343925861,0.06666666666666288
1992-01-01,1.1901418421425447,-0.1492585356466236,0.016306814284661186,0.2666666666666666,1.2555922192939661,-1.049878409821936,0.6753523015779805,0.8745740439957572,-0.2871914667790243,0.7624538119073598,-0.793333333333333,-0.5099999999999998,-0.043333333333333,-0.646666666666667,-0.1966666666666672,-0.16666666666666785,4.037421156428778,0.8608289652478618,4.336557335851943,13.249589808339746,8.489561377026611,-1.0999999999999943,-0.5451666666666739,-14.147999271704803,0.03333333333333144
1992-04-01,1.07846685927111,1.7908413574076576,0.2531833612426482,0.2333333333333334,0.7834032271846425,-4.497160662932664,0.7662872745568983,0.8669915133445727,1.0869672236903938,0.703269627171732,-0.25333333333333385,-0.13666666666666671,0.07333333333333236,-0.21333333333333337,-0.07333333333333236,-0.0033333333333338544,2.718544928605837,0.06477955548263026,-11.785775452666902,-7.383940762948082,-4.265170574714716,8.166666666666671,0.9191666666666691,11.556373278160814,0.1666666666666714
1992-07-01,0.9832602998745443,0.7961883778407675,0.24274832311146355,0.03333333333333233,1.1308060971321865,0.7332755129391799,0.7604599385219402,0.7694086383850163,0.5956619512769379,0.5906404551050848,-0.5133333333333332,-0.8033333333333332,-0.7599999999999989,-0.5966666666666662,-0.42666666666666764,-0.2966666666666651,2.6431730817794374,0.11081311474381295,1.8654771483314736,2.6538866699851837,3.444871276513517,-2.833333333333343,0.09709999999999752,2.111346431467709,-0.06666666666666998
1992-10-01,1.037455372331486,1.0140948440914066,0.38619995937896334,-0.2666666666666657,1.4187882174331534,-15.390717827373201,0.8721328113814764,0.8976720961558549,-0.02828454268613001,0.7301008891998251,-0.21999999999999975,0.1466666666666665,0.12666666666666604,-0.013333333333333197,0.16666666666666607,0.043333333333333,3.9976508992949356,0.7031965689130004,8.171685767265569,3.7041271680348764,4.415991958029064,7.1000000000000085,0.3254666666666708,-5.637319835732146,0.10000000000000142
1993-01-01,0.1668045262061213,0.9130411356256474,0.5828845948247618,-0.23333333333333428,1.0373231413565165,-4.554660191807258,0.7248950250677844,0.8675396419269177,0.45159546124144967,0.6871932580989615,0.0033333333333329662,-0.1566666666666663,-0.46333333333333293,-0.10999999999999988,-0.466666666666665,-0.29000000000000004,1.887278220013311,-0.2894696543293662,-0.12172856037517832,-5.065078142594981,-1.3221876176179315,4.066666666666663,0.3259999999999934,-3.246837559504945,0.13333333333333286
1993-04-01,0.5804828773424475,0.19804526149238555,0.5357906185730954,-0.06666666666666643,0.46264184897832905,0.51151006667709,0.7196780917041679,0.8381169483696382,0.9529220090633395,0.7561999309218415,-0.03999999999999959,-0.026666666666666394,-0.2900000000000009,0.0066666666666663765,-0.26333333333333364,-0.3266666666666671,2.743817711422558,0.4411793344949899,3.3536076858919017,8.085486817474408,-1.0405921161116716,-4.800000000000011,-0.18796666666665374,-0.43361979817335694,0.13333333333333286
1993-07-01,0.47602004747613336,0.3891891042259843,0.6279752793858506,-0.2666666666666666,0.8180216969174481,-0.7570733109591998,0.4615747867190656,0.5912641773448968,-0.5313954610635108,0.5575249929723469,0.06000000000000005,0.043333333333333,-0.3733333333333322,0.036666666666666625,-0.5166666666666684,-0.5133333333333328,2.9175689528327275,0.47793406696783336,2.787636952825512,2.573241396647852,8.833049063710963,-5.066666666666663,-0.03180000000000405,-10.33556265404827,0.03333333333333144
1993-10-01,1.3509823020076084,1.544352872098731,0.6999676207886552,-0.16666666666666696,1.6329113417182128,-1.5542603679795874,0.8255034266576367,0.7829531079704743,0.028038693580523244,0.5130077191068949,-0.06999999999999984,0.1033333333333335,-0.010000000000000675,0.05666666666666664,-0.06999999999999851,-0.04999999999999982,2.520509983582908,0.5920600481845284,5.298144483352996,9.864052744502683,11.61096497026497,6.633333333333354,0.8336333333333386,-8.063126558990952,0.1666666666666714
1994-01-01,0.9656852032588148,1.2104958044791836,0.7654104369205328,-0.06666666666666643,1.657358193385683,2.86437125705703,0.5011400009693467,0.6478105142418755,0.39171846395413823,0.4527587869684879,0.22333333333333316,0.3833333333333333,0.45999999999999996,0.18333333333333357,0.293333333333333,0.31666666666666643,1.2162870611785337,0.28225825191139364,-1.5877694630153094,-3.0212352192183545,-2.566141302929381,8.966666666666654,0.45103333333332785,-10.24421015371173,0.0
1994-04-01,1.3460821575336013,1.8158774666434674,0.9177315880346981,-0.36666666666666625,1.3376684508394021,-0.3757325671298162,0.566445379990288,0.6864033813769765,0.5569493650442681,0.6706282160996224,0.7266666666666666,1.2233333333333327,1.0166666666666666,0.7433333333333327,0.7499999999999991,0.7866666666666662,0.6318027334560661,0.20016958839281784,-0.27631960106964115,5.29693393148003,3.5358458712160257,-0.7999999999999972,0.8331333333333362,18.456550251559676,0.43333333333333
1994-07-01,0.5828824899406726,1.2844301916588918,0.875744483378682,-0.20000000000000018,1.6656940602072012,-3.126308807865641,0.922080074112408,0.7453979779606712,0.7745543564195323,0.5567507311229569,0.5466666666666673,0.4666666666666677,0.25,0.4900000000000002,0.24333333333333584,0.22666666666666746,0.6857701077600531,0.08033818982564611,-0.7220247973486416,-0.8444646782743703,-0.5079222432544661,-1.4666666666666686,0.298333333333332,3.533706279866289,-0.06666666666666998
1994-10-01,1.1390581866788096,2.0280439900656866,0.7921989154755948,-0.36666666666666714,2.080307516071045,-2.550277455483041,0.580358771804157,0.6345198953851217,0.38503897954935695,0.506791339626389,0.6799999999999997,0.9966666666666661,0.503333333333333,0.8033333333333337,0.3666666666666636,0.3966666666666665,-0.04055032640648548,-0.020078497430908726,0.8326442776553478,1.2074414833321612,0.21799693748816296,2.3999999999999915,0.8751333333333378,-4.604803409496894,0.10000000000000142
1995-01-01,0.35415264608129604,1.0525893236413175,0.7479912455481852,-0.16666666666666696,0.8422445115765953,2.691066276516274,0.7317917123322637,0.8398117802714822,1.6335783905048196,0.5227006184244765,0.6433333333333326,0.1299999999999999,-0.3533333333333326,0.456666666666667,-0.3299999999999983,-0.2900000000000009,-0.18268023000400646,0.1481035849012713,-2.859740715017267,-10.59645627918675,-9.405280465075627,1.2000000000000028,0.03269999999999129,4.110626304863407,-0.13333333333333286
1995-04-01,0.2978787465089283,0.33772440994628283,0.3694890947924634,0.20000000000000107,-0.151874532954821,6.915256062576702,0.8141754733919093,0.8120815060819631,1.2079062444700917,0.5919756857579728,0.20999999999999996,-0.7566666666666668,-0.8633333333333333,-0.14000000000000057,-0.6433333333333344,-0.6199999999999992,-0.19464584969739462,0.9398663672442353,-1.837020660174904,-2.808456217660371,1.9218703940380166,-2.666666666666657,-0.6007000000000033,5.059533227030544,-0.5666666666666629
1995-07-01,0.8471272260706542,0.9791492253492073,0.4253851345129789,0.0,0.9928433574406981,0.6638701496580524,0.5027882490447944,0.6614327545429788,0.21321969698400167,0.4755890573141741,-0.22333333333333272,-0.31666666666666643,-0.29666666666666686,-0.22999999999999954,-0.17999999999999972,-0.22666666666666657,-0.1717188308510309,1.7458766627447275,-0.6976772485648652,9.47921792747417,8.158599518158471,1.5,-0.12643333333332407,-7.911414218569046,0.09999999999999432
1995-10-01,0.6767866746930196,0.8199923418832356,0.456591460407374,-0.10000000000000053,1.3375572254142654,1.900372911675774,0.5436568788855567,0.698011456488512,0.2127660377117202,0.5001269130624486,-0.0766666666666671,-0.21000000000000085,-0.4299999999999997,-0.10666666666666647,-0.4133333333333322,-0.4466666666666663,-0.9953535146221881,0.9647968350440905,-0.4092376363284522,0.14120971986368858,2.6326671657090017,-3.3666666666666742,-0.35106666666666797,1.4586637073046305,-0.06666666666666288
1996-01-01,0.7462586731000087,0.6743392678307814,0.43092656645296046,-0.03333333333333233,0.19957045435639031,2.4191421618530384,0.8852481431849135,0.6728540014546702,0.6619910313330202,0.3924007326481238,-0.35666666666666647,-0.3199999999999985,0.016666666666666607,-0.33000000000000096,0.0699999999999994,0.06333333333333258,-1.0142764560496786,1.2242025949028346,-3.0332387849234976,3.0115780693573235,-0.6575880906156684,0.7000000000000028,-0.5559999999999974,8.604034745808375,-0.4333333333333371
1996-04-01,1.6541866808907457,2.1419662039643406,0.6656688522591381,-0.0333333333333341,1.5711286900753407,-8.69193120653815,0.8561696134811392,0.5875814696757686,1.206730278275625,0.4743580357329691,-0.1200000000000001,0.5399999999999991,0.8099999999999996,0.08999999999999986,0.5866666666666669,0.5599999999999996,-0.24103209062538156,1.2040061563229898,-1.705278838271962,2.3679085820571544,2.443971286376456,1.0,0.6213000000000051,9.41664518211045,0.63333333333334
1996-07-01,0.8930342932712776,1.3173141697218504,0.6097020175131362,-0.2333333333333334,1.0543102171411078,-3.32465481106734,0.5737981953020999,0.6443840259390043,0.2604168138387486,0.45512686785045275,0.06333333333333346,0.120000000000001,0.0600000000000005,0.0766666666666671,-0.0033333333333338544,-0.019999999999999574,-1.3890153872366362,0.9363205190078716,-4.523384182414869,0.3781563843543445,-2.1851171590164142,3.3999999999999915,-0.06563333333335208,2.887030394053669,0.1666666666666643
1996-10-01,1.0330155049368628,1.4392540913252816,0.591122195935867,0.06666666666666643,1.34820680594121,1.6761434312627443,0.8650755499078677,0.6402582896113174,0.2078462686412763,0.5676538160817479,-0.026666666666666394,-0.30333333333333456,-0.43666666666666654,-0.1200000000000001,-0.37666666666666604,-0.3600000000000003,-1.8199779861916454,1.3439042278648117,-3.332552755536078,-5.781164146073614,-1.7544309650909362,2.633333333333354,0.021833333333347582,9.732665204344215,0.03333333333333144
1997-01-01,0.6433691338076031,1.8918577110554224,0.6224471335052328,-0.09999999999999964,2.412058389008287,-4.9734005674139325,0.6073953117143205,0.5767143358486493,0.05189413712729518,0.39208296608270743,-0.0033333333333338544,0.16666666666666785,0.21999999999999975,0.08333333333333304,0.15333333333333332,0.1966666666666672,-0.5552998998511249,1.357277711815108,-2.8303776162851957,1.0995548843665937,1.9422685408645002,1.5,0.36726666666666574,-7.510246331098536,0.06666666666666998
1997-04-01,1.6515051002674142,1.4536354375998428,0.7220050881674211,-0.2333333333333334,1.464411239472696,-0.16538692488072826,0.22942965533729875,0.6325381833262256,-1.0168253429252871,0.5203973469884104,0.24666666666666703,0.20333333333333314,0.13333333333333286,-0.013333333333332753,0.11666666666666536,0.1466666666666665,-1.2044401239245772,1.1208725836723943,-4.045181925227803,2.9798216626071294,-0.6117666138651501,4.0,-0.06946666666667056,-13.694886178877574,0.09999999999999432
1997-07-01,1.2408386319378906,2.3101964534060215,0.572521941746551,-0.13333333333333286,1.9687310712948047,-0.8549090301727347,0.4987541511039417,0.43256064300543073,0.0,0.23320537742996805,0.010000000000000675,-0.3100000000000014,-0.45333333333333314,0.0,-0.4299999999999988,-0.4033333333333342,0.43427389972494623,1.5489160582584205,-0.9295740873481506,-1.2498742415607111,3.387794979225056,2.799999999999983,0.506299999999996,-0.5884128303233371,-0.03333333333333144
1997-10-01,0.8502355049371246,2.4852767564355283,0.7871023323488657,-0.20000000000000018,0.7740090938041178,-3.0756752982469493,0.5375245524507299,0.5673496583974647,0.23557136924594602,0.3159560290368013,-0.026666666666667282,-0.056666666666665755,-0.3366666666666669,0.043333333333333,-0.3199999999999994,-0.293333333333333,0.034286605182742846,1.5535333200419998,0.5730674708985362,4.97370875557257,0.9310842783361473,-0.8666666666666742,0.4993333333333396,0.7676290736239544,0.20000000000000284
1998-01-01,0.9987489886350787,1.1004860704269426,0.6125585233895947,-0.0333333333333341,1.4748745564137522,1.8519047767236785,0.2059732963010319,0.6029387126942787,-1.953599617874957,0.29420955348324895,0.013333333333332753,-0.16999999999999993,-0.3199999999999994,-0.03666666666666618,-0.18333333333333357,-0.20999999999999908,0.6182543965155496,1.805854978869803,-1.2217183938592058,1.725668362331323,8.302892469178946,2.8666666666666742,-0.7473000000000098,-22.493262783067046,-0.1666666666666714
1998-04-01,0.9214296481921735,0.6577258403615893,0.6321513327604222,-0.2333333333333334,1.0202464511706921,0.24113828901946022,0.3286773706623336,0.560767204765078,-0.08001067235738901,0.30576134853141923,-0.019999999999999574,0.09666666666666668,0.009999999999999787,-0.0766666666666671,-8.881784197001252e-16,-0.03000000000000025,0.09906201472578147,1.8531245784460637,-1.163649494080854,0.8729960692302363,-3.277595425540536,-0.8999999999999915,-1.0667333333333318,-8.459633005404488,-0.3333333333333286
1998-07-01,1.251081507693641,0.7850584218306089,0.5644328128020959,0.13333333333333375,0.303229582212694,-0.9923837947845016,0.5114054308385185,0.5959836923782547,-0.508226317949223,0.35432222528246626,0.0333333333333341,-0.31666666666666643,-0.39333333333333353,-0.15333333333333332,-0.12666666666666693,-0.1466666666666674,-0.030946339295034875,1.6793505918210272,-2.3687265889599463,3.6836960718355627,3.9824076301139044,-3.433333333333337,-0.7563999999999993,-2.908217881887998,0.0
1998-10-01,1.5963862490524505,1.4246425435947785,0.5947988552657435,-0.09999999999999964,2.377504006435416,-0.7324251492073941,0.4681942394796579,0.5543357404426352,-0.6726784412751208,0.3183681759614032,-0.6733333333333338,-0.703333333333334,-0.5333333333333323,-0.5700000000000003,0.12333333333333396,-0.1566666666666663,1.3831904301230935,2.564432433234387,-0.07493443587809345,5.428228428456716,5.856897262060912,-3.299999999999997,-0.02736666666665144,-9.513552336041009,0.06666666666666288
1999-01-01,0.9350485127447072,1.187349720799702,0.5964896978008838,-0.13333333333333375,1.4950686808077762,-0.8119124438502823,0.3648899244210746,0.4374709782466901,-0.704419060180328,0.2504134953573711,-0.12666666666666693,0.27333333333333343,0.3133333333333326,0.1533333333333342,0.15333333333333332,0.08666666666666778,0.4720365684745431,1.7595494173896498,1.5619506838231878,-0.7576529686678768,-0.312195375521096,5.699999999999989,-0.09793333333334431,1.8395265206760936,-0.09999999999999432
1999-04-01,0.8312781849570072,0.9765672028854588,0.6338416791594526,-0.033333333333333215,1.251438087183132,-3.2641612462816383,0.7458960093627454,0.4733512577760557,1.5378692402650884,0.34653252379035493,0.013333333333333641,0.21666666666666679,0.5566666666666666,0.04666666666666597,0.336666666666666,0.5133333333333328,0.41839796657470174,1.4530384516861616,-3.6067019689578927,-8.227152870438825,-3.479822225653706,0.3333333333333428,-0.15909999999999513,29.276878370228722,0.0
1999-07-01,1.3171703285781433,0.8668213174974682,0.5863878721772409,-0.033333333333333215,1.1449806908258253,-2.7689697630625787,0.7403735670574285,0.5275068750587586,1.8830950289177473,0.36750169941628386,0.3466666666666667,0.28000000000000025,0.3433333333333328,0.19666666666666632,0.3600000000000003,0.39333333333333353,-0.3151517759936162,1.4856944022008989,-4.779601427682367,4.734734446831457,-0.7718908932507595,-0.3333333333333428,-0.17176666666667018,20.72009727962194,0.09999999999999432
1999-10-01,1.6273535671066597,1.6584243111036123,0.6823987762146544,-0.16666666666666696,1.503867123957825,-3.1452486021297688,0.7349322979152362,0.562115027043042,0.8372628711549979,0.46930435179843855,0.21333333333333293,0.4466666666666663,0.2566666666666677,0.3933333333333344,0.14000000000000057,0.16000000000000014,1.2486966652861753,1.3592590559881046,-0.9677494882065485,0.2420331960065525,2.01863939707545,-0.6333333333333258,0.5169999999999959,12.449729677619237,-0.03333333333333144
2000-01-01,0.3621369008051545,0.86177686601836,0.5879058455901642,-0.033333333333333215,0.43645581305540304,0.6208685081167786,0.9846475772062213,0.651832087246973,1.3200657588102516,0.5226610074186233,0.3700000000000001,0.5800000000000001,0.33999999999999897,0.47666666666666657,0.08999999999999986,0.22666666666666657,0.05993048243615462,1.5510632055379503,2.0850795480190865,0.2615432534056161,1.3103224998427088,4.86666666666666,-0.09369999999999834,16.104072883334595,0.06666666666666998
2000-04-01,1.8049010344979521,1.1270407901489143,0.5867421588874322,-0.09999999999999964,0.8683596230973478,-1.7646718278093942,0.7807964710944582,0.6291656579803906,1.8344463466169358,0.34826806661270027,0.5966666666666667,0.02999999999999936,-0.3033333333333328,0.19333333333333336,0.26333333333333364,0.05333333333333279,-0.45336573533196756,1.6708608464515606,-3.554493741941167,-4.457963163308776,-7.322837125380666,-1.36666666666666,0.1493333333333311,0.09021242772297988,-0.10000000000000142
2000-07-01,0.10188067037173454,-0.10733053427509631,0.18843394812719794,0.06666666666666643,0.01149535755491371,7.238344675743136,0.9097130385018914,0.6618887925894157,1.3042572645000305,0.4812828039133521,0.24666666666666615,-0.086666666666666,-0.2833333333333332,0.3033333333333328,-0.27333333333333343,-0.16000000000000014,-0.5945841104007421,1.1744348930157855,-2.4980482968441464,-5.3728809817069845,-1.0238997301094344,-1.3000000000000114,-0.8496999999999986,8.943266654644821,-0.13333333333333286
2000-10-01,0.5952635784890248,-0.2636620309371729,0.2076979887482011,-0.10000000000000009,-0.2665709181052023,8.44634424283992,0.7103802552987482,0.6029067317344428,1.3120623921374808,0.494005386441998,-0.04666666666666597,-0.23000000000000043,-0.3266666666666671,0.0,-0.10666666666666735,-0.20333333333333314,-0.7200286306467518,1.479394064571693,-2.302873621791912,2.646988184443533,1.4897062043600862,-3.5333333333333172,-0.9829666666666697,1.3588314599330076,-0.3999999999999986
2001-01-01,-0.3283372449143229,-1.1891615201818695,0.15530255701641238,0.3333333333333335,-0.6363535779506435,11.28017377846362,0.9520254692745311,0.725956001280359,1.6343820323440283,0.6480213161959014,-0.8799999999999999,-1.3033333333333328,-0.5166666666666666,-1.2000000000000002,-0.33333333333333304,-0.3266666666666662,0.8228999597998055,2.6117639243649293,0.34453091789128365,3.8747304979394492,5.746348864431017,-11.666666666666671,-1.720799999999997,-10.859461246250879,-0.2666666666666657
2001-04-01,0.6225609914771724,-1.209745261483075,-0.2705531391061555,0.16666666666666607,-1.3322157920205413,7.4541140939482275,0.6987092914091164,0.6129458526952902,-1.1192330947454643,0.3773581114207225,-1.2666666666666666,-0.8166666666666669,0.21999999999999975,-1.1566666666666663,0.15666666666666718,0.1466666666666665,1.6376599463946206,2.5310508736012594,-0.17211708207729437,1.5456258236691944,-1.143328069766536,-1.2666666666666657,-1.6755666666666684,-2.957296224761574,-0.20000000000000284
2001-07-01,-0.4014439041817752,-1.4013151336200735,-0.3051235342763192,0.43333333333333357,-0.4047399616238678,3.958651992926576,0.2818755977023635,0.680640277672051,-2.1266874707042582,0.25776475557206524,-0.8300000000000005,-0.47666666666666657,-0.28999999999999915,-0.4900000000000002,-0.08666666666666778,-0.11666666666666714,3.8918595581472815,2.254991553079222,16.2605058432844,-1.878474061067248,-3.6778670134818725,-2.433333333333337,-1.7053333333333285,-4.470268002948075,0.0
2001-10-01,0.2743986302357726,-1.0698684899683286,-0.602128387386891,0.666666666666667,1.5225067885685561,7.856315184488238,-0.07508917191563214,0.6583067987128821,-3.019384512827905,0.48141679735413945,-1.3633333333333333,-1.0599999999999996,-0.20999999999999996,-1.263333333333333,-0.026666666666666394,-0.18333333333333357,0.7156430673748382,2.2695912064623514,-8.23636028703496,-1.8719654847782152,2.460072381656264,-3.433333333333323,-1.322666666666663,-26.43713832661185,-0.2666666666666657
2002-01-01,0.8328805568895703,0.6808644722963386,-0.32090746806883175,0.20000000000000018,-0.051139138797751116,-8.831383851183894,0.318740309228005,0.5482372914615397,-0.38714721216583925,0.30653125839839035,-0.3999999999999999,0.07666666666666622,0.30666666666666664,-0.18666666666666698,0.033333333333333215,-0.3000000000000007,1.5420701658590552,1.7244924657079608,0.5548963901234938,9.299133818557603,4.901379407259832,7.999999999999986,0.1183333333333394,5.4111031993218095,0.20000000000000284
2002-04-01,0.6108371693470005,1.513613261740332,-0.10098950159562747,0.13333333333333286,1.1814705513950585,-0.33975117619142736,0.7831477654657526,0.5101603113201847,1.4887338609211653,0.5487106579431078,0.016666666666666607,0.023333333333333428,0.023333333333333428,-0.006666666666666821,0.06666666666666732,0.09000000000000163,-0.14277518137628675,0.790637593985899,-5.44186224862262,-1.8746887629349729,0.0,0.9666666666666828,0.9061666666666639,19.386386567908744,0.3333333333333286
2002-07-01,0.40568740473787557,0.6020524647806447,-0.0650851425943344,-0.09999999999999964,0.35773563689982524,-2.663247740819763,0.5371875472413912,0.5250274573578295,0.6349227678658309,0.5320132175845593,-0.010000000000000009,-0.53,-0.8399999999999999,-0.06999999999999984,-0.3966666666666656,-0.3633333333333333,0.3579522264932855,1.8692133012152112,-1.4291962478032438,0.37383221106077613,1.79212812548748,-6.833333333333357,0.3834666666666635,7.510348678542744,-0.1666666666666643
2002-10-01,0.1235287243973815,-0.0020595549743873676,0.007914573670397829,0.13333333333333375,-0.266516825926999,1.8850336966142578,0.5894288570083006,0.45280467474047015,1.0576779536187075,0.35481646636164044,-0.29666666666666663,-0.2833333333333332,-0.25333333333333385,-0.31000000000000005,-0.026666666666667282,-0.07000000000000028,1.4273880460891952,2.038663273379626,0.0846381768681237,1.8870319690442727,4.298923945822253,-3.433333333333323,0.03623333333332823,-0.07962676777184541,-0.06666666666666998
2003-01-01,0.5252600765849991,0.6541251684675231,-0.11469487697670644,0.0,-0.01636967331837269,2.130347320361281,1.0232137508397798,0.32960390668979045,3.664494611421265,0.30805242074478656,-0.19333333333333336,-0.22999999999999998,-0.08666666666666689,-0.17666666666666675,-0.4800000000000004,-0.2766666666666673,1.9350343498202527,1.6340486607207438,5.913052322682288,0.3654904520665525,-0.8635790921899478,-3.86666666666666,0.5827333333333371,18.482272072309414,-0.06666666666666288
2003-04-01,0.8817230452867975,-0.7090132232326241,-0.17728210525689292,0.2666666666666657,0.8389247505043329,3.5007698359102335,-0.16374059875960967,0.17304036157197444,-0.6298470434397352,0.37833235153010847,-0.0033333333333331883,-0.14666666666666672,-0.30000000000000027,-0.11666666666666647,-0.6466666666666665,-0.6933333333333334,2.531915758389669,1.9451656610263157,-0.31948908965193645,1.012521784240139,1.7197643023569853,9.299999999999997,-0.4556999999999931,-16.089948734491788,-0.13333333333333997
2003-07-01,1.6495202585943503,0.6575174226204794,0.00844913556878879,0.0,1.7749823923940866,-5.993816799851004,0.7437676010247252,0.3968601533449245,0.6539928844359721,0.45667392986645794,-0.2300000000000002,0.07000000000000006,0.6133333333333337,-0.10999999999999999,0.3333333333333339,0.3866666666666667,2.1170184841526662,2.0100984469221927,7.027205298533135,7.469161259349644,5.281580610049019,0.03333333333333144,0.5530999999999864,4.193846136267432,0.06666666666667709
2003-10-01,1.1540367047402356,0.9342641980834898,0.2350093205739867,-0.2999999999999998,0.6558621296283818,-9.061667911569238,0.3788224968635845,0.25797589335185833,0.8414522541645653,0.4470381743913343,-0.019999999999999907,0.07666666666666666,0.05333333333333279,-0.01333333333333342,-0.14333333333333353,-0.040000000000000036,0.5652490577364055,-0.09107069031202286,-4.110167568555179,7.442291889883101,1.7904817986519994,2.666666666666657,0.7492333333333363,3.0843517255369157,0.46666666666666146
2004-01-01,0.565052023890189,0.6616679050932106,0.30833012408546523,-0.13333333333333286,0.7369331841477589,-3.494177368348872,0.8426764343087534,0.4797815920333903,2.1083334534121256,0.5486924760659484,0.0066666666666664876,-0.07666666666666666,-0.2666666666666657,0.0,-0.39000000000000057,-0.1999999999999993,1.348758231243341,0.7790947828159034,3.736614650046466,-5.936661206715144,1.1259676977619648,6.033333333333346,0.5552666666666681,12.570852942300759,0.19999999999999574
2004-04-01,0.7719649918941585,0.5230505674585828,0.5550914433445797,-0.10000000000000142,0.8792557640360243,-3.127319378133464,0.7825044373929835,0.6304868802359032,2.819692236382476,0.5697902449227854,0.006666666666666821,0.5533333333333332,0.5800000000000001,0.16000000000000003,0.39000000000000057,0.46999999999999975,1.323325316375179,2.105465725915323,3.3127799312700823,0.9855703534190852,4.189094170915997,-4.666666666666671,0.46443333333333214,8.083382206585377,-0.06666666666666288
2004-07-01,0.9441229885171154,0.5485953049900516,0.24760219279862383,-0.1666666666666652,0.8924514143391349,-0.9666254875472902,0.635707597336399,0.42376535997767917,0.9751749804368437,0.3573742215836617,0.42333333333333334,0.30333333333333345,-0.29666666666666686,0.4099999999999999,-0.21333333333333382,-0.2833333333333332,1.2099721157336596,1.1062435159944428,0.7215038514150951,2.0268087148552993,-0.4980329998581112,2.26666666666668,0.4590333333333376,13.57042041439942,-0.10000000000000142
2004-10-01,1.0150391321133156,1.3874294762526773,0.4234709722643615,0.0,1.4115019428619036,-3.2368256698619646,1.0680308123882654,0.607084495200727,1.9001354070063314,0.5406757155764552,0.5166666666666666,0.3866666666666667,-0.13000000000000078,0.5199999999999998,-0.26333333333333275,-0.1566666666666663,1.343945027077531,1.307269800353339,-0.7215038514150951,-0.5918677969554587,0.7860792863935373,-1.7333333333333343,1.041333333333327,9.571720840485654,-0.19999999999999574
2005-01-01,1.1032550529236573,1.4073911455413146,0.35328228615778556,-0.13333333333333375,1.243870059315988,0.13989277170676218,0.5037794029957077,0.6201310412028427,1.0134477574780476,0.7091631975472801,0.5200000000000002,0.5966666666666662,0.12333333333333396,0.5300000000000002,-0.22000000000000153,-0.16666666666666696,-0.08270896647415427,0.5575093731971847,3.4167024520575406,5.2691570075639405,0.9067110555763591,0.19999999999998863,0.9535333333333398,3.2580613339776576,0.03333333333333144
2005-04-01,0.49141503086236327,0.5753199162912281,0.5469152243231079,-0.1999999999999993,1.2407658715495984,-1.526030318379945,0.6735195134990768,0.46674530474950515,1.6090801615308514,0.4941301639194151,0.47333333333333316,0.27333333333333343,-0.13666666666666671,0.32666666666666666,0.006666666666667709,-0.1733333333333329,-0.1120093620564866,0.6938292751843989,-2.9111036863117334,-0.9863448062824354,1.539942436427122,-3.86666666666666,0.1788666666666643,6.2351783735679955,-0.20000000000000284
2005-07-01,0.7807581701131383,-0.4198170706178672,0.5461716400240846,-0.13333333333333375,0.5008946546508852,4.374178739014134,1.5032739529264205,0.33206074011928877,2.6605804734876948,0.38885442621383604,0.5166666666666662,0.4500000000000002,0.05333333333333368,0.4966666666666666,0.006666666666666821,-0.053333333333334565,0.5079051976172977,1.4159655089011736,-0.07207207519184244,2.344735649763674,4.153903038718099,-2.700000000000003,-0.6929666666666634,17.575512637035562,0.1666666666666714
2005-10-01,0.5539792372076136,0.9261924580298064,0.3571118599207779,0.0,0.8516000044727079,-3.0680678721703103,0.9281983778168801,0.6608317456813673,3.467839751085844,0.6662142225367873,0.5200000000000005,0.49999999999999956,0.2766666666666655,0.4666666666666668,0.3566666666666656,0.28666666666666707,0.03635350184847397,1.3216949737735462,-2.7779564107075494,-1.5033067371298614,-2.68340211971152,-5.066666666666663,0.35609999999999786,-5.329180539641065,0.3333333333333286
2006-01-01,1.3364138447713003,0.9746088629808192,0.5913846754294738,-0.2333333333333334,1.5721053098342708,-10.671860554066548,0.5193946500923197,0.6237708997340441,-0.9376342643716562,0.5774181567852921,0.476666666666667,0.3466666666666667,0.08000000000000096,0.5666666666666669,-0.029999999999998472,0.010000000000000675,0.34349332273517774,1.300504085854648,-0.371333512466121,2.466903167047896,-0.5701533281662563,6.5,0.39406666666667434,5.2573523352113405,0.13333333333333286
2006-04-01,0.25841857488995146,0.5897719479456498,0.3916700472917256,-0.10000000000000053,-0.3039947027387413,5.605364480841679,0.8983590612470671,0.8148676119654752,1.604910019008532,0.793457277941112,0.4500000000000002,0.3866666666666676,0.5,0.3099999999999996,0.4299999999999997,0.503333333333333,0.07000519289883655,1.072039535474012,0.6674107087693226,-13.368861296915924,-11.465857555512038,-5.13333333333334,0.06789999999998031,10.769430369480038,0.1666666666666714
2006-07-01,0.14984360400802643,0.40450908581473044,0.3055533168891955,8.881784197001252e-16,0.020529902728405602,1.085430777041907,0.9395931648588096,0.6793943958546933,0.782900716715762,0.5372089601288543,0.33999999999999986,0.0699999999999994,-0.17333333333333378,0.20333333333333314,-0.14333333333333353,-0.21333333333333382,-0.8433142597209731,1.4484959938098285,-3.8422805402273497,-8.588483706200112,-11.561900105293432,0.2333333333333485,-0.1386666666666514,0.029732542486549107,-7.105427357601002e-15
2006-10-01,0.8557775565416037,0.23132469971898217,0.2691188535088429,-0.20000000000000018,0.8169675358564277,1.7241509745744565,-0.4110157861828334,0.5145533141019065,-1.5516684114559531,0.4298218190991854,0.0,-0.10333333333333261,-0.2666666666666666,-0.0033333333333329662,-0.31333333333333346,-0.293333333333333,-0.036510119793664586,1.6610511745156487,-2.409755157906046,-8.092423963718076,-8.038323257162894,8.433333333333309,-0.3407666666666671,-16.193110392938515,-0.13333333333332575
2007-01-01,0.3003840617131104,1.0078318255620111,0.40389972963463805,0.06666666666666643,0.9036513368831933,-1.929165206258432,0.9756206934616429,0.5841764883758316,1.5516684114559531,0.687174837950355,0.009999999999999787,0.02333333333333254,0.04999999999999982,0.08000000000000007,0.016666666666666607,-0.023333333333333428,-0.1583647348236461,1.4189303362579508,0.6274530389388744,-7.172635838261154,1.6104081167063633,-0.2666666666666515,0.27166666666666117,-3.1662599042066475,-7.105427357601002e-15
2007-04-01,0.6098982914680917,1.183001804599737,0.26441697948431653,0.0,0.5170040562957112,-0.8067517169807914,1.1261884506108544,0.4841938914468713,3.613194924472385,0.41533767856281045,-0.006666666666666821,-0.07666666666666622,0.16666666666666696,-0.24666666666666615,0.19666666666666632,0.21333333333333382,0.6295367339124169,1.6772027196759964,2.01245181779508,-0.7096287075554208,-9.801091895501024,-5.300000000000011,0.48056666666667525,11.211704964862346,0.20000000000000284
2007-07-01,0.5743731109307149,0.15269180757604417,0.05965715428750684,0.16666666666666696,0.3979069843577321,0.6361655905648078,0.6310173626604687,0.5142286483554415,0.4810014083784786,0.4898709876023588,-0.17666666666666675,-0.41000000000000014,-0.11666666666666714,-0.43333333333333357,0.13666666666666671,0.17666666666666675,-0.07999127794455774,1.5641545414499802,0.0,-11.83862499450008,-10.28211542120081,-1.166666666666643,-0.17650000000000432,14.66028078346202,0.03333333333333144
2007-10-01,0.6262715512194816,0.2962694073932681,0.1698399474141965,0.13333333333333286,0.5425137992126849,7.016291842230693,1.219179498927403,0.7014614034475564,2.1457198425345325,0.6890369792538209,-0.5766666666666662,-0.9033333333333338,-0.46999999999999886,-0.9133333333333336,-0.11999999999999922,-0.2233333333333336,0.019397701433199188,1.0748078951342777,-1.778168227617849,-10.028763602874946,-10.077780102923128,-8.233333333333348,0.1534333333333393,18.58145262163262,-0.10000000000000142
2008-01-01,-0.42767755900321447,-0.29541868023414963,0.028680262271585377,0.20000000000000018,-1.206277669329836,3.595340909873457,1.0773640999506284,0.6601405966670804,3.5615905740434606,0.5281101910867392,-1.3200000000000007,-1.5199999999999996,-0.5966666666666671,-1.3466666666666667,0.23999999999999932,-0.07333333333333325,0.5367907079010692,1.8863595275620426,3.299110093970725,-9.154369700884768,-14.785915260777749,-4.6000000000000085,-0.19316666666667004,7.722131698961121,-0.03333333333333144
2008-04-01,0.5936625931315831,-1.464359814044247,-0.3350353737989309,0.33333333333333304,-0.7065303507436838,5.25537411909518,1.2925478139099944,0.43355026925206985,6.390380197947998,0.41919506629986003,-1.0899999999999999,-0.026666666666666394,0.22333333333333316,-0.41666666666666674,0.23999999999999932,0.14333333333333353,1.0220573122708743,1.6971201118019863,3.849476030833232,-5.142521180743742,3.451924704147391,-13.29999999999999,-1.1335333333333324,23.497442190183282,-0.09999999999999432
2008-07-01,-0.5266423802783748,-3.240335049156773,-0.5146309986434616,0.666666666666667,-3.3726462748557395,15.542829353780618,1.5301143524211192,0.6415831700408603,2.253332265580177,0.5091330127974913,-0.14666666666666628,0.04999999999999982,-0.023333333333333428,-0.13333333333333353,0.21666666666666767,0.05333333333333279,2.384575067550987,1.2338584434603561,34.63825066435451,-15.872356457623304,-21.158634005784815,5.233333333333327,-2.657800000000009,-4.53274855969612,-0.2666666666666657
2008-10-01,-2.2133412739485436,-4.398667254331112,-1.1707076348127288,0.8666666666666671,-4.866993183466839,18.534566298549215,-2.3168225357180994,0.24451225548514088,-11.867718320870324,-0.07880101636761339,-1.4333333333333336,-1.1300000000000003,-0.6099999999999999,-1.1966666666666665,1.6333333333333346,0.1633333333333331,6.749853406246764,3.0927878266382436,219.2935302509265,-26.286690333205698,-29.5998128693439,-7.166666666666664,-3.5744333333333316,-70.10283114440537,-0.6666666666666714
2009-01-01,-1.1413631359902254,-5.819749159998544,-1.6832166495053258,1.4000000000000004,-3.7174029904168293,17.80941614673246,-0.6902463434634853,0.41884926166231295,-4.892123435770568,-0.0011370075099215171,-0.32333333333333336,-0.42666666666666664,-0.5166666666666666,-0.08333333333333334,-0.6266666666666687,-0.543333333333333,2.979080699096315,3.203847914097935,29.321180341230235,-23.210769189093394,-17.028571944976445,0.6000000000000085,-4.401333333333341,-30.76665633868241,-0.6000000000000014
2009-04-01,-0.178810721762801,-2.893069332317655,-1.409011370096458,1.0333333333333314,-1.9933411323394878,-1.3593774210928444,0.5303482697453177,0.5085068505884749,1.0561412467145814,0.3907473987151633,-0.003333333333333327,-0.046666666666666634,0.5766666666666671,-0.04000000000000001,-0.22999999999999865,0.23999999999999932,3.3070146076412676,1.2124782938785827,10.342644460685069,1.6352565646514883,3.764864794611089,9.93333333333333,-2.098099999999988,32.33323726669837,-0.10000000000000142
2009-07-01,0.3505771547139602,1.5537897194880301,-0.7422941236086444,0.3333333333333339,1.4528084042389366,-9.365409330934504,0.8567130474912865,0.29755206874471085,1.4677745157277933,0.35424680537969877,-0.023333333333333373,-0.0733333333333333,0.20333333333333314,-0.01666666666666669,-1.3233333333333341,-0.24666666666666615,2.0151968494779737,0.34919749734125816,-1.804794223088546,9.627381675784452,8.123389304368889,0.19999999999998863,1.1222666666666612,13.376606775242728,0.56666666666667
2009-10-01,1.0751135379244658,1.638731511944247,-0.37219775057035775,0.3000000000000007,1.2004955649262072,-10.257589353074081,0.7798843341534578,0.5101746700578502,1.729587922140663,0.6210408110038479,-0.03666666666666665,-0.09666666666666668,-0.05666666666666753,-0.09999999999999998,-0.33333333333333304,-0.06666666666666643,1.3166340642918328,0.5068255350629158,27.035126797180187,-3.575928870470957,2.710192977779169,1.76666666666668,1.4041333333333341,10.916718769030531,0.4333333333333371
2010-01-01,0.483331022067901,1.9762281049632513,-0.14166562102353453,-0.09999999999999964,1.0475419347820036,-5.044929377478269,0.1583779485945236,0.014952480591468031,2.8788319205754753,0.34150043172580524,0.013333333333333336,0.016666666666666663,0.25666666666666726,0.05,-0.040000000000000924,0.09333333333333282,0.648923864182116,0.04466594648526723,5.356106579405573,8.495406546311202,5.361679617398263,3.6999999999999886,1.7913333333333412,3.629378053661192,0.36666666666666714
2010-04-01,0.9629349822608546,1.876580877061862,0.48626489853429433,-0.20000000000000107,2.0580679826100123,-3.399575616043826,-0.035275695258629725,0.12542214642925487,1.18301497996125,0.26901891355732843,0.060000000000000026,0.013333333333333364,-0.22666666666666657,0.039999999999999994,-0.10999999999999943,-0.25,1.0618945790524137,1.026501402478175,-5.680110102882097,-2.623101214886958,-9.232427207208183,0.06666666666667709,1.7953666666666663,-1.26549759361394,0.36666666666666003
2010-07-01,0.7681272705003295,1.2894663588866706,-0.025816577197623758,-0.16666666666666607,1.4064380843080926,-0.08316008795272722,0.29271788044127334,0.24179691659806934,0.21688061998412778,0.1537187991822897,-0.006666666666666682,-0.11000000000000004,-0.7033333333333336,0.009999999999999981,-0.40000000000000036,-0.46333333333333293,1.8922295666846445,0.9807555753784669,-3.271169852719602,-3.7804219622647572,-4.374454896285673,-5.63333333333334,1.3332999999999942,-2.2798265496231984,0.06666666666666998
2010-10-01,0.523736364445071,0.41772315793240367,0.262455950597662,0.033333333333333215,0.7708935967784214,-6.709308464151675,0.8064633548182876,0.2613260885871327,1.8070086459000656,0.3156072497800366,0.0,-0.013333333333333364,0.07666666666666666,-0.019999999999999962,0.13666666666666671,0.2766666666666664,3.8769841619796352,1.276084663465582,-2.02293204031756,-6.657240713524537,1.6129381929883557,2.9666666666666686,0.5643666666666576,11.298813632128812,0.06666666666666288
2011-01-01,-0.23748667360496967,0.5467937311199655,0.24905281178000394,-0.4666666666666668,0.851323774676338,-4.662169848616671,1.0615631507868706,0.4713317384483773,4.1162362120545914,0.4380476825652124,-0.03,0.01666666666666672,0.5966666666666671,-0.010000000000000009,0.17666666666666675,0.27333333333333343,3.255286441992933,1.3299790877173479,18.7939978041749,7.116220291501918,-2.8399474521698664,1.7999999999999972,0.517233333333337,9.946069091791188,-0.03333333333333144
2011-04-01,0.6743037468666557,0.41404113475396187,0.521051193563693,0.033333333333333215,-0.27819776847319844,1.8837122086443614,1.1305981745300286,0.46629579694217327,3.9043998282265235,0.5830470726890802,-0.06333333333333334,-0.06666666666666671,-0.2500000000000009,-0.08000000000000002,-0.23999999999999932,-0.09333333333333371,3.3505113216669713,2.187335165150195,22.785296757055207,-1.38330736061274,7.582816809280946,-1.2000000000000028,0.2606666666666797,8.118795167801274,0.1666666666666643
2011-07-01,-0.0223152255784953,1.1543109909708527,0.3107271488538288,-0.06666666666666643,1.1356115916372644,-1.7346808844884265,0.6499490627828841,0.6814384380050775,0.06543432263566018,0.4554751546693936,-0.010000000000000009,-0.07333333333333333,-0.7833333333333332,-0.023333333333333334,-0.3866666666666667,-0.5733333333333324,7.159409070810607,3.952681029401539,4.558361432281366,7.543368284585483,2.3162899279537186,-12.199999999999996,0.6617999999999853,-13.10259262086344,-0.03333333333333144
2011-10-01,1.1167896811464573,1.0312574928073914,0.42034212750703404,-0.36666666666666714,1.1157913194018931,-5.895896639131593,0.44789810318626166,0.5319568835584931,-1.5159295077551427,0.3557751676448895,-0.009999999999999981,-0.020000000000000004,-0.3799999999999999,-0.01,-0.21000000000000085,-0.5366666666666666,3.871471472203769,1.6678826935754287,-3.593054777084781,8.11185550069995,9.927172902126458,5.133333333333333,0.44369999999999266,4.929681578598721,0.13333333333333286
2012-01-01,0.8350941818790147,0.9855036177892629,0.5940160260553995,-0.36666666666666536,1.2587520308375844,-5.425058974974917,0.5615919658330526,0.52432036637029,0.694906833442932,0.6291400692663096,0.029999999999999985,0.04333333333333332,-0.009999999999999787,0.05333333333333333,-0.05333333333333279,-0.03000000000000025,2.482626117438347,1.771123053213941,1.1404697794282548,5.1739844793145195,8.41142238284771,10.700000000000003,0.3372666666666788,9.111863922989727,0.19999999999999574
2012-04-01,0.4453416266322563,0.6331590043553881,0.31585284643274036,-0.0666666666666682,0.4924987838284878,2.4707865909876503,0.21087916393058848,0.49018384172621055,-0.1815331796485964,0.41268653745749617,0.05000000000000002,0.030000000000000027,-0.21333333333333337,0.020000000000000004,-0.10666666666666647,-0.09666666666666668,2.003902288572057,1.5493885207195746,-3.8561005316073427,4.424684873638363,2.8835549639887326,0.7999999999999972,0.046999999999997044,-9.887620663976193,-0.06666666666666288
2012-07-01,0.14392437648620415,-0.01991569484607325,0.3089033909528638,-0.16666666666666607,0.0956593278655049,-0.5097370604877582,0.45045415849909176,0.4511785424561765,0.2968829493801728,0.2885155660916183,-0.010000000000000009,-0.003333333333333327,-0.17999999999999994,0.016666666666666663,-0.21999999999999975,-0.34333333333333327,4.172525854217213,1.8748404591201862,-0.3644466475642538,5.397229958059846,12.03636822498746,-1.3333333333333428,-0.43303333333332716,-1.2086999255973119,-0.09999999999999432
2012-10-01,0.11557374157504796,0.4779394110269841,0.38510116551968565,-0.2333333333333334,1.0285963092497852,-0.36862626219100747,0.6627513813426411,0.4645693622903124,-0.06589786070430037,0.4412082083905311,0.016666666666666663,-0.010000000000000009,0.06333333333333346,-0.016666666666666663,-0.3000000000000007,0.08333333333333348,3.7147266781318855,2.2480592602272864,-0.8878843608234099,15.152319977849249,4.6988509435919035,4.433333333333337,-0.015866666666667584,-4.616009011175226,0.0
2013-01-01,0.9817259265515688,0.7497314631875973,0.47444174512900616,-0.06666666666666643,1.252983484714676,-6.15611496760291,0.4011490592279898,0.5048617757741347,0.6570325870099758,0.3898862520237856,-0.016666666666666663,-0.020000000000000018,0.24333333333333318,0.0,0.23666666666666636,0.336666666666666,1.389896151479597,1.5329072044041325,10.994703882775614,4.872023654449453,3.964096951584395,-2.73333333333332,0.24013333333333264,6.929934690737216,0.23333333333333428
2013-04-01,0.26727882651371715,0.457811862059998,0.4310584282196217,-0.1999999999999993,0.2819106623872969,-1.7609964207551343,-0.1095451545370274,0.22709546763097777,0.179929712401794,0.2817642994593861,-0.026666666666666686,-0.026666666666666644,0.046666666666666856,-0.036666666666666674,0.026666666666667282,0.08666666666666689,1.7248112054733866,1.0736166766969646,13.484286822233305,-9.377290048543774,3.475319639300256,5.0,0.0771000000000015,-0.293664043095454,-0.033333333333338544
2013-07-01,0.8477896552497199,0.4078608777667192,0.39359253652797577,-0.3000000000000007,0.5771414676933873,-4.4502235247462,0.5393860652711524,0.533203744704025,0.09800719503871846,0.39257622532202774,-0.033333333333333326,-0.003333333333333341,0.7133333333333336,-0.016666666666666663,0.5666666666666664,0.5433333333333334,1.730558552359529,1.3836567802616884,12.72422632186423,1.6378198898641116,0.27017915793488,-0.10000000000000853,0.09489999999999554,11.80235361421893,0.033333333333338544
2013-10-01,0.8679640238263175,0.673080105375945,0.45570364698264143,-0.2999999999999998,1.5908228711840167,3.468291957336689,0.369085151597659,0.4433079998272582,-1.1164128431980558,0.4300612270612625,0.003333333333333341,0.0,0.03666666666666618,0.030000000000000006,-0.046666666666666856,0.08666666666666689,3.4025943000583148,1.9435888669589119,10.582223079670072,13.414510679461689,3.74030029669985,-4.633333333333326,0.32970000000000255,-8.20197387778423,0.13333333333332575
2014-01-01,-0.34569281496601434,0.6807931492372354,0.3704300540729122,-0.2666666666666666,-0.03788252993430774,-4.729990937384265,0.620855138749743,0.3862007471915341,1.7673508617497724,0.31546819110266355,-0.013333333333333322,0.0,0.016666666666666607,-0.01666666666666667,-0.2400000000000002,-0.15333333333333332,3.112304861492543,1.5561361548414254,5.171266168331545,-7.723858212476564,0.1298701481236897,4.0,0.33993333333333453,1.204529389910558,-0.19999999999999574
2014-04-01,1.2835690229149321,1.3573786923290143,0.5795523135489589,-0.4666666666666668,1.108323477170714,-3.322882504073199,0.5296736146774172,0.5160406580057675,1.3053122244579107,0.43559496380440876,0.01999999999999999,-0.020000000000000004,-0.13999999999999968,-0.013333333333333336,-0.29666666666666597,-0.2233333333333336,2.223594471879853,1.3566592800749788,3.028565883559242,5.519360120463901,1.1613033737660317,1.8999999999999915,0.8580333333333385,4.622655115370122,0.29999999999999716
2014-07-01,1.2080648325781596,0.5470640320588416,0.538412268499755,-0.13333333333333375,0.8123717889585436,-5.418876487419233,0.25550731653547487,0.412936634910821,-0.5136447890031093,0.3749906468480724,-0.003333333333333327,0.006666666666666668,-0.12666666666666693,-0.0066666666666666645,-0.08000000000000007,-0.09999999999999964,1.3129136564221433,1.258414690471632,3.50556719409294,4.329108160572126,2.59590391700959,0.13333333333332575,0.20546666666666624,-5.4453694222658555,0.0
2014-10-01,0.5044586015433339,0.5481456571783561,0.5600410745959294,-0.36666666666666625,0.552704025645312,-3.818455525682296,-0.24875285119811963,0.3971771778430444,-3.288101891342432,0.2707056654947415,0.009999999999999981,0.03666666666666667,-0.21666666666666679,-0.003333333333333334,0.0,-0.24000000000000066,2.7874275396635895,1.4280954522998712,-5.047121510594277,1.7949199829980778,0.7782140442055052,6.800000000000011,0.24079999999999302,-29.028777673850836,0.10000000000000142
2015-01-01,0.8964547876924911,-1.1264735913441015,0.490643293685622,-0.16666666666666607,0.5769911334578381,0.7436953267601965,-0.6493850155202097,0.348165811605039,-4.541983150033424,0.16691661855716688,0.010000000000000009,0.07666666666666669,-0.313333333333333,0.003333333333333334,-0.2400000000000002,-0.3066666666666662,2.928999796136811,1.9934534953492289,0.4153187269297476,-7.142366882640161,0.7106472051695789,5.733333333333334,-0.996233333333322,-41.20895542338734,-0.23333333333333428
2015-04-01,0.6174946582536478,-1.38425608312156,0.5019136358509257,-0.10000000000000053,0.3794342096188785,-4.602869870670112,0.679633794368506,0.6031131077211427,0.7801027686554995,0.44467226959872264,0.013333333333333336,0.026666666666666644,0.19999999999999973,-0.006666666666666668,0.33333333333333304,0.32666666666666666,0.17251107353626338,0.8711262773307027,-0.31288785880372316,16.99630060901578,16.14253514636612,-1.2666666666666657,-1.0934666666666715,17.667347789106856,-0.10000000000000142
2015-07-01,0.39944621156902116,0.07243207334060031,0.457904456979108,-0.33333333333333304,0.45274129490451287,-1.2266671794391115,0.37698937901513574,0.4952561925273713,-0.7279061602498693,0.32122409079642367,0.01333333333333335,0.10000000000000003,0.05333333333333368,0.02,0.41000000000000014,0.18999999999999995,1.032143835079502,1.0855647702671334,0.08985287197731395,0.745630067645564,-10.138043980838862,-3.5,0.10256666666666092,-21.877981261375588,0.0
2015-10-01,0.18430917271050618,-1.387470226797305,0.4849954819086122,-0.06666666666666732,0.29805521621550923,-2.04030880415651,-0.00756792210445667,0.5280408422201788,-3.2169617439782527,0.2489772988506722,0.023333333333333317,0.11333333333333334,-0.03000000000000025,0.08333333333333334,0.17666666666666586,-0.09333333333333327,1.2367706414009305,1.5752955971672478,-1.8799226521482026,-3.6071391761657523,4.700752165602395,0.5666666666666629,-1.0038333333333185,-10.299514893887896,0.0
2016-01-01,0.5778466518471248,-0.6459737868611093,0.4224790910777543,-0.13333333333333375,0.45101818118400416,0.7131680490671144,-0.06210662209937823,0.5203785363780078,-1.9407519444557764,0.4180237999542591,0.20000000000000004,0.11333333333333329,-0.27,0.16333333333333333,-0.1133333333333324,-0.06666666666666732,2.434902901028657,2.2864089139202903,-5.175232215340753,1.5285424001822534,-4.353429095752048,0.2666666666666657,-0.47296666666667875,-22.904621756272014,0.033333333333338544
2016-04-01,0.32060956626729364,-0.32756575285581846,0.37648838978459054,0.0333333333333341,0.023879548860250566,-0.827748411072804,0.7966021540333657,0.6564696431452965,1.8329158448613825,0.5469717667295981,0.013333333333333308,-0.009999999999999898,-0.16666666666666674,-0.030000000000000027,-0.6399999999999997,-0.33666666666666645,2.9129079903322364,1.6106536140895855,-1.514638940395585,2.477798902937156,3.184801438806506,0.8333333333333286,-0.29416666666666913,30.973472445526262,0.0
2016-07-01,0.7068859191104337,0.21976632481655045,0.5189094478540213,-0.0333333333333341,0.6853551605276564,-3.856744420673941,0.42357620253197226,0.5202114640662003,0.9129214034786948,0.43293407927560423,0.023333333333333317,-0.01000000000000012,-0.18999999999999995,0.03999999999999998,-0.41000000000000014,-0.2533333333333334,1.5634286522557161,1.4448077043390128,-3.435481377603633,-1.0297573832813711,3.546763511003359,-2.066666666666663,0.0667666666666662,-1.348117302906271,0.06666666666666288
2016-10-01,0.5527685286210726,-0.15632845649840021,0.34674513129804296,-0.13333333333333286,0.9015745155441124,-2.5842790792520276,0.6327762778487234,0.46182655225184277,0.0,0.3439256734939278,0.053333333333333344,0.20000000000000007,0.5666666666666671,0.13333333333333336,0.38333333333333286,0.4733333333333336,1.5175223068027321,1.553463423502599,-9.691347852244547,6.322584281595933,0.8071068833791273,2.7333333333333343,-0.21546666666667136,9.121752481676593,0.03333333333333144
2017-01-01,0.48570873310360696,0.0026339294007193814,0.4095756498699643,-0.20000000000000018,0.9206479564152659,-6.4179043700368865,0.7012759205097474,0.5151408638432997,2.220355531895901,0.46310138494778386,0.25000000000000006,0.13,0.313333333333333,0.15999999999999998,0.020000000000000462,0.14999999999999947,2.7824442753184186,1.524223613642306,5.957122163083195,-1.4682156074551145,2.042240451137012,4.166666666666671,-0.02386666666666315,4.935127207324097,-0.06666666666666288
2017-04-01,0.5583111012978037,1.465174018440063,0.3865016869607274,-0.1999999999999993,-0.16614436738375815,0.6173862015012688,0.11531032594547241,0.2646648903719573,0.9712181787985052,0.3338197665179621,0.25,0.2333333333333334,-0.18000000000000016,0.30000000000000004,-0.1633333333333331,-0.15999999999999925,2.244624925336325,1.2295257135374271,0.7882186730522989,-2.7490277543575914,0.07872982954886254,-0.86666666666666,1.1902000000000044,-7.057281648627667,0.10000000000000142
2017-07-01,0.785431525684821,-0.3051468361251253,0.35483882534759204,-0.0333333333333341,1.289326863605389,8.15686842476584,0.4769045852770937,0.38750226264596677,0.4649168942440163,0.3017518890155557,0.20333333333333325,0.1233333333333333,-0.019999999999999574,0.14666666666666683,-0.163333333333334,-0.1466666666666665,1.488131067029741,1.0147230431527987,2.271425364299251,-0.1690617477906997,0.9399547011503806,-1.2666666666666657,-0.05459999999999354,0.1619446728535312,-0.033333333333338544
2017-10-01,1.1207427769393874,1.379254025379506,0.30473219064308665,-0.16666666666666607,1.790825748502023,-5.409091716662218,0.7923830151004729,0.5732666662218833,0.8552908792450076,0.44380146986329194,0.050000000000000044,0.31000000000000005,0.12666666666666604,0.16999999999999993,-0.06333333333333346,-0.09333333333333371,1.323213082179464,1.0637883088516986,-0.8961015798791827,4.440271651657834,3.0204497294143984,3.2666666666666657,1.2811999999999841,13.717477275837897,0.033333333333338544
2018-01-01,0.8101194549169577,0.5326269640315573,0.44016241929174527,-0.13333333333333375,-0.37773617694387696,-7.15173284918702,0.8391113087693469,0.7194877957325652,1.588407846783113,0.6343689499838767,0.24333333333333318,0.3866666666666667,0.3900000000000001,0.35333333333333306,0.20000000000000018,0.18666666666666654,1.463458532857409,0.8082780526596167,-2.6318451338458004,4.921398278141265,1.4269862870047056,0.5666666666666629,0.5905000000000058,12.94817854785375,0.1666666666666643
2018-04-01,0.5294212303768475,1.1576024864932144,0.4781408387602326,-0.09999999999999964,0.36775773749226914,-2.3981964686484503,0.5429339431240798,0.5184753807523812,1.8602097603338308,0.5354123137583322,0.29000000000000004,0.30999999999999983,0.16000000000000014,0.28,0.30666666666666664,0.1900000000000004,0.19881620574544456,0.9585489867024677,-8.044006604037701,-1.7878439671508595,0.940135573651002,-0.6000000000000085,0.9779999999999944,7.883263871989854,0.10000000000000142
2018-07-01,0.621760482522582,0.8266558580679373,0.3430389243193943,-0.16666666666666652,0.4703730382097149,-6.666746163713988,0.4010367024059214,0.3603579516445521,0.5906497893370499,0.3182440079759097,0.18666666666666654,0.21666666666666679,0.006666666666667265,0.19999999999999973,0.03666666666666707,-0.02666666666666684,0.40813992858250714,0.8899018552648741,-5.920379963539446,-2.086986325660245,-3.5082525393966613,-0.2666666666666657,0.584699999999998,2.3548096732544543,-0.13333333333333286
2018-10-01,0.14154399831838305,0.20832372100541008,0.28953587448956597,0.06666666666666643,-0.036779215025894985,6.388968207323664,0.406294010101238,0.574733106657721,-0.5577442280003453,0.46588690583853065,0.2966666666666671,0.20333333333333314,0.10666666666666602,0.2766666666666673,0.3266666666666662,0.2166666666666659,0.9788473449187762,0.6612193146487755,-7.569343865639144,-6.87831459406576,0.2038217266128406,0.06666666666666288,-0.01859999999999218,-15.024748741163219,-0.06666666666666998
2019-01-01,0.6223772907267389,-0.9762139341846776,0.3266715900178241,0.033333333333333215,-0.030379660814361387,-1.2596387685684718,0.26661589010670284,0.6530372043492605,-1.4581865664797355,0.4002937801276474,0.18333333333333313,-0.1299999999999999,-0.3799999999999999,0.06999999999999984,-0.16999999999999993,-0.29666666666666597,1.1015394644445564,1.3818659978529269,-6.571693434837744,1.1656137656354204,-2.421550575710363,-3.6666666666666714,-1.0142666666666713,-8.965871995845198,-0.23333333333332718
2019-04-01,0.8316777932895647,-0.6528228119908164,0.3601235624058674,-0.2333333333333334,-0.5228904373906218,-0.03521746822805483,0.732030749114454,0.4373214515046797,0.8311218054816827,0.42158918953036917,-0.006666666666666821,-0.2866666666666666,-0.31999999999999984,-0.08666666666666645,-0.3733333333333331,-0.2366666666666668,1.3148932965604487,1.3201843316878126,-6.946622259251356,7.354252119152616,3.409275460340755,4.0,-0.762833333333333,8.823330324960299,-0.1666666666666714
2019-07-01,1.1632102580909631,-0.07557311325108174,0.31451637048789394,-0.033333333333333215,0.4164178184584699,-4.024977362738369,0.3293332224809653,0.5818205602844628,-0.9647446748710209,0.3706901906051385,-0.20666666666666655,-0.4099999999999999,-0.5366666666666668,-0.3200000000000005,-0.5766666666666662,-0.4933333333333332,1.4898159916581832,1.8117540711152458,-2.772647177965304,3.051697892515026,8.730535259177152,-4.666666666666657,-0.29053333333332887,-6.100524932283413,-0.13333333333333286
2019-10-01,0.6795635968053659,-0.590225774061448,0.31924570703107946,0.0,-1.0516152830607695,6.666771593900478,0.6999040201002948,0.628810515827638,-0.2845428315337628,0.35075942918068037,-0.5466666666666666,-0.2666666666666666,-0.0033333333333334103,-0.4033333333333329,-0.10666666666666691,-0.07333333333333325,2.132327528043376,2.0266123568809746,3.5836782671185397,7.363482333959581,3.873205229639698,3.4000000000000057,-0.6200666666666734,0.8986908384354564,-0.10000000000000142
2020-01-01,-1.3250619707966038,-1.7360884136413013,0.06548443330665066,0.2333333333333334,-1.6573866149359517,135.08538012086308,0.3598441936334851,0.576087638119116,-1.2650923553006344,0.4496312812896086,-0.3833333333333333,-0.4866666666666668,-0.4166666666666665,-0.4666666666666668,-0.023333333333333428,-0.11333333333333329,3.6532277417764547,2.4271220561688622,13.522654224614783,3.9439117347509267,-4.661523710423143,-0.5666666666666771,-1.3731333333333282,-22.62439505780347,-0.06666666666666288
2020-04-01,-8.204320604026982,-13.43799419748013,-12.64756069913986,9.166666666666666,-7.107648359431451,114.8273720926003,-0.9806404617330067,-0.5172251631289093,-4.123938484639655,-0.18816481130246032,-1.2,-0.9166666666666667,-0.6900000000000001,-0.9666666666666668,0.016666666666666607,-0.456666666666667,111.58352845353079,12.457164459753045,50.854566490879094,-30.48131123819644,-16.022120979328847,-22.566666666666663,-9.430066666666661,-48.3290970482162,-2.1000000000000085
2020-07-01,7.4757496362447995,9.051291436473452,5.0337303679111045,-4.200000000000001,10.380372058627785,-96.23894169032106,1.13661320584999,0.9660752731874389,3.048751063980415,0.74103861411281,0.03333333333333334,-0.03666666666666665,-0.036666666666666625,-0.03,-0.5933333333333337,-0.22333333333333316,29.831770729618157,3.9931003995722136,-9.60375354644425,30.458560697772974,25.328576867214547,1.6000000000000085,6.526899999999998,38.01356186442,1.7333333333333414
2020-10-01,1.127138965704333,1.8084817100302075,1.3877553700357481,-2.0333333333333323,1.433087934166366,-27.165245200938237,0.718800742438841,0.6050668495861444,2.1221405838295127,0.448310736025892,-0.003333333333333327,-0.02000000000000003,0.21333333333333326,-0.020000000000000004,-0.013333333333332753,0.06999999999999984,3.7051310103036528,2.7112837633975317,7.7582482657141405,6.709497757887295,7.219734637347219,4.133333333333326,1.714333333333343,3.916270496669272,0.43333333333333
2021-01-01,1.386164653473898,0.23884467605315152,0.6371377948592993,-0.5333333333333332,1.7778503801073597,-4.890634867055077,1.0101057493312915,0.37120935795904586,5.728905838432485,0.8502963799781327,-0.010000000000000009,-0.033333333333333326,0.45333333333333337,-0.04333333333333334,0.16666666666666652,0.4266666666666672,4.331493690318489,3.49659814027099,12.208859301187758,0.6362693787829166,4.89029100966043,0.4333333333333371,0.614066666666659,31.196252189138598,0.13333333333333286
2021-04-01,1.6875713541763204,1.661870318734504,1.154125013832541,-0.2999999999999998,0.37275087379420313,-43.91703559048121,1.8065741147178294,1.7246823315126392,6.345727372914922,1.4115689170238532,-0.009999999999999995,-0.02333333333333333,0.27666666666666684,-0.023333333333333327,0.08666666666666645,0.15333333333333288,4.3292442015090415,3.6960846609881415,12.723285858962008,0.08453085879498445,-4.693168927301095,5.333333333333329,1.67649999999999,13.04262389324169,-0.03333333333333144
2021-07-01,0.8216679141918704,0.45659288342312365,1.4533167995896434,-0.8666666666666671,-0.5873631265355783,-29.761557905110436,1.5809311250206015,1.26999836292212,4.261475904489664,1.1797159357995746,0.020000000000000004,0.016666666666666677,-0.27,0.02,-0.31666666666666643,-0.3333333333333335,2.5514509151841835,2.1746232911459273,5.606659775419942,0.7156418671256937,-0.8702586569362403,-10.799999999999997,0.6752666666666727,6.420358319965835,-0.13333333333333286
2021-10-01,1.701202308971439,0.8224720519453221,1.2976521799929586,-0.8999999999999995,0.6854257224942373,-37.58526906547335,2.154418314872242,1.530134493558677,3.3869213763519035,1.2924035728607564,-0.010000000000000009,0.11999999999999998,0.21333333333333337,0.006666666666666668,0.07333333333333325,0.10000000000000009,2.7771263671175106,2.4364908358668558,1.7712723618789283,4.871026324653371,6.851599975640799,-4.866666666666674,0.8331333333333362,9.136446725252423,0.06666666666666288
2022-01-01,-0.2551237912953752,0.2511893570974699,1.0064946419259257,-0.30000000000000027,0.5493856226999938,-9.77257147188908,2.1766279342535277,1.613717251269442,4.587330374525234,1.4877822827097376,0.039999999999999994,0.7666666666666667,0.4033333333333333,0.25333333333333335,0.6366666666666667,0.5533333333333332,2.0571647557336092,1.8059132597517902,-7.874519665308988,2.81653280544214,4.603930113209387,-6.766666666666659,0.25883333333332814,20.772614161101544,-0.03333333333333144
2022-04-01,0.1564245950852694,0.464817716257393,0.827931795098813,-0.2333333333333334,-1.415549441263586,-6.2630383717941385,2.3243158536129904,1.4409287444117957,7.568542044680715,1.1869120868181149,0.65,1.2366666666666664,0.9899999999999995,0.77,1.0699999999999998,0.8399999999999999,0.06367994514633324,-0.032846822058374414,-12.808565966837904,-4.91592359580828,-6.306337704354981,-5.266666666666666,0.2997000000000014,13.405382111352093,-0.29999999999999716
2022-07-01,0.719306332529257,-0.05940047187964481,0.8976817010285743,-0.10000000000000009,0.44759775823930426,-0.25449931933270165,1.3108481880422573,1.4970197078727487,-1.116847037259383,1.253440330388056,1.42,1.1966666666666668,0.1766666666666672,1.586666666666667,0.3333333333333339,0.19666666666666632,-1.1963550453243599,-0.4811974104072192,-4.6912321661119805,-10.803874418170523,-8.666838264567378,-1.7666666666666657,-0.239066666666659,-15.65389458698192,-0.13333333333333286
2022-10-01,0.6878691350323152,-0.5405029394184524,0.5435013958793533,0.033333333333333215,-0.040796710832324834,-2.0941660479644852,1.039973817182549,1.2584429216421888,-2.9582946741250282,1.151314078973975,1.463333333333333,1.2166666666666668,0.7233333333333332,1.3766666666666665,0.6233333333333331,0.5700000000000003,-2.4286689847137666,-1.0365518647519778,-4.2860994310427,-5.440818848389917,-9.829817852425915,2.700000000000003,-0.7002666666666784,-11.7011495614193,-0.13333333333333286
2023-01-01,0.7212436699248315,0.06375988891509365,0.5289505906409531,-0.033333333333333215,0.6919928465533687,4.329046759657196,0.8965689218673134,1.1907279563805773,-1.300469715231145,1.1526276100902955,0.8633333333333337,0.15333333333333332,-0.18333333333333357,0.5866666666666669,-0.3733333333333331,-0.29000000000000004,-3.0774687596954564,-1.0811204111565331,0.2247397353318803,-0.722546496104215,2.3113336789386985,5.800000000000004,-0.253233333333327,-8.646261706042413,-0.03333333333333144
2023-04-01,0.6259090548015322,0.044369573127323036,0.4150728257892311,0.0,-0.2928827728917227,6.208066907173659,0.7169177134413118,1.1552553773117147,-1.4957471684060586,0.9727823576501926,0.4733333333333327,0.17666666666666675,-0.05333333333333323,0.4466666666666663,0.08333333333333304,0.0766666666666671,-4.118382184265279,-1.714335871628947,4.828827901999233,5.227178577698055,0.110852466733391,-2.3000000000000043,-0.24269999999999925,-3.199986429312851,-0.10000000000000142
2023-07-01,1.1470027396091709,0.15399917400280572,0.3871189094102334,0.10000000000000009,1.2275217981040143,0.9300401231440603,0.850477732641508,0.7097724909458591,0.7832538461181926,0.5850597978391825,0.27000000000000135,0.4500000000000002,0.5566666666666662,0.21666666666666679,0.29000000000000004,0.31666666666666643,-1.622866772924958,-0.11883904803795531,-1.281368925219084,-4.961638288897419,2.343258424878325,7.266666666666659,-0.1035666666666657,11.195312621059905,0.03333333333333144
2023-10-01,0.8405149026469161,-0.2749119893547203,0.3014305845075782,0.16666666666666696,0.9181132071978126,-9.191136446214365,0.7183545928922008,0.8536466640454599,-1.6403539042939563,0.5285157546783381,0.0699999999999994,-0.17333333333333378,0.2900000000000009,-0.006666666666666821,0.21333333333333293,0.29666666666666686,-1.3494896221601493,-0.0945626548007894,5.306442542222101,5.96598364063361,-1.5267472130788384,-4.633333333333326,-0.3828333333333376,-4.632828359983154,-0.20000000000000284
2024-01-01,0.20964144146446984,-0.6549608751896585,0.33974925235291664,0.033333333333333215,-0.41308050828838816,0.3627134916003527,0.9070930712657521,1.0225605751585043,0.44930405928163,0.9796626417667653,0.0,-0.3200000000000003,-0.28000000000000025,-0.04999999999999982,-0.45333333333333314,-0.2400000000000002,0.04882794535063795,0.7806283516531565,4.289299048523709,-3.65443070103062,1.0494193378130845,13.5,-0.6529333333333369,-1.3110263877339712,-0.03333333333333144
2024-04-01,0.8815888542736516,0.676320743853065,0.23227535377721154,0.13333333333333286,0.47960996180549387,4.97896300553915,0.665724808016499,0.784827753516737,0.8993661278173803,0.7105354515937634,0.0,0.23666666666666725,0.2833333333333332,0.009999999999999787,0.1899999999999995,0.25,-0.016088393738122875,0.4825362579490289,-4.158633371913112,-5.247184490699475,-6.074696509824218,-6.933333333333337,0.3562333333333356,5.40183961016325,0.23333333333332718
2024-07-01,0.8213953149049047,-0.5929457237361824,0.12343462597588228,0.20000000000000062,1.492849120328188,3.286760362561658,0.3317383682787778,0.5526897003126585,-0.35718259157269117,0.5811089962821647,-0.06666666666666732,-0.6833333333333336,-0.4966666666666666,-0.25333333333333385,-0.3033333333333328,-0.33000000000000007,0.44066185240776434,0.7944730702828195,-3.2449193775034857,-0.3730883571535948,0.43814205914900484,-3.36666666666666,-0.6496999999999957,-6.800451891156101,7.105427357601002e-15
2024-10-01,0.45882049283303417,-0.3756693632577246,0.19477572664801102,-0.0333333333333341,0.8971353666600734,-2.2927504643703855,0.782192912016999,0.8536331543433917,-0.7541435746289515,0.6702700094964875,-0.6133333333333333,-0.1999999999999993,0.33666666666666645,-0.5899999999999999,0.11666666666666714,0.206666666666667,1.2191836073350615,1.1240785038703294,-1.546361981892197,3.62163387160237,1.5978427140556306,3.9666666666666686,-0.522500000000008,-7.74864502955479,0.03333333333333144
2025-01-01,-0.16264860564216832,1.036141861938944,0.12956985679686284,8.881784197001252e-16,0.6274551593625333,-1.9632109775091777,0.9078832376236967,0.8383122407831678,2.0413737878025806,0.8056387108791974,-0.3199999999999994,-0.11000000000000032,0.16999999999999993,-0.1899999999999995,0.23999999999999932,0.2599999999999998,0.9997712367628253,0.9064133207015601,2.203421135722472,1.0043126022175386,-0.47667778376538905,-7.63333333333334,0.5200000000000102,1.479619407671695,0.1666666666666714
2025-04-01,0.9415531607956495,0.45148756164197223,0.1064796989547645,0.06666666666666643,0.5356770921348897,4.854168609634435,0.40941715326630046,0.5340334266024094,0.28049967391519104,0.6416719251920888,0.0,-0.11000000000000032,-0.09333333333333282,0.020000000000000462,0.23000000000000043,0.12666666666666693,0.8999653788787754,1.0630182881975259,0.4914805034683667,-3.412309286478621,-4.324244134870625,-9.43333333333333,0.06559999999998922,-10.594488163738625,0.03333333333333144
2025-07-01,1.0705948402604193,0.5305235235928407,0.021240285540713444,0.13333333333333286,0.3688639836646246,-1.6032407531049842,0.7606417835554602,0.7901278682544088,1.1458596567623047,0.7089035656032472,-0.03666666666666707,-0.1566666666666663,-0.1033333333333335,-0.13333333333333375,-0.23000000000000043,-0.1466666666666674,0.9200592525113294,1.10601799860639,-2.885632194817589,-0.5678326576917136,-2.4532254814012333,3.299999999999997,0.12536666666667884,1.860127351474894,0.06666666666666288
2025-10-01,0.12027225528044028,-0.4186192748137252,-0.05742224754481384,0.11666666666666714,-0.04135238821962872,-2.523147829113803,0.7127231603106132,0.5532302052460913,-0.3397915616415226,0.6555715392815742,-0.3966666666666665,-0.27333333333333343,-0.16000000000000014,-0.3666666666666667,-0.14333333333333353,-0.10333333333333261,0.9623005979470634,0.8995693522164672,-10.024478317913665,-1.7482962780347222,3.516688180362415,-5.833333333333336,-0.5924666666666667,-9.838526138777315,0.13333333333333286
2026-01-01,0.4925463836505273,0.596221508639605,0.08391370630693729,-0.11666666666666714,1.6368109722579405,-5.027607421700608,0.7853248600749652,0.6200779810844992,2.8955897827809274,1.0429016778141786,-0.2566666666666664,-0.050000000000000266,0.09999999999999964,-0.13666666666666671,0.0766666666666671,0.14000000000000057,1.5974430875568046,1.2872079721651275,1.9710914036503269,6.981557823841467,0.9824640428518272,2.933333333333337,0.22759999999999536,19.890037283263506,0.2666666666666657
